{
  "AML_Cytomorphology": {
    "predicted": "ATOL",
    "predicted_score": 3.0621965015785086,
    "scores": {
      "persistence_statistics": 3.010696501578507,
      "persistence_image": 2.9581965015785086,
      "persistence_landscapes": 3.007196501578509,
      "persistence_silhouette": 3.004696501578508,
      "betti_curves": 3.018529834911844,
      "persistence_entropy": 2.9705298349118423,
      "persistence_codebook": 3.0496965015785094,
      "tropical_coordinates": 2.9860298349118417,
      "ATOL": 3.0621965015785086,
      "template_functions": 3.0495298349118425,
      "minkowski_functionals": 2.830529834911842,
      "euler_characteristic_curve": 3.0225298349118415,
      "euler_characteristic_transform": 2.7735298349118427,
      "lbp_texture": 3.0476965015785082,
      "edge_histogram": 2.936363168245175
    },
    "n_train": 75,
    "alpha": 1.0
  },
  "APTOS2019": {
    "predicted": "ATOL",
    "predicted_score": -0.22128739666871877,
    "scores": {
      "persistence_statistics": -0.27278739666872065,
      "persistence_image": -0.3252873966687173,
      "persistence_landscapes": -0.2762873966687196,
      "persistence_silhouette": -0.2787873966687191,
      "betti_curves": -0.26495406333538307,
      "persistence_entropy": -0.3129540633353849,
      "persistence_codebook": -0.2337873966687174,
      "tropical_coordinates": -0.2974540633353855,
      "ATOL": -0.22128739666871877,
      "template_functions": -0.23395406333538493,
      "minkowski_functionals": -0.45295406333538524,
      "euler_characteristic_curve": -0.2609540633353855,
      "euler_characteristic_transform": -0.5099540633353847,
      "lbp_texture": -0.23578739666871895,
      "edge_histogram": -0.347120730002052
    },
    "n_train": 75,
    "alpha": 1.0
  },
  "BrainTumorMRI": {
    "predicted": "ATOL",
    "predicted_score": -4.649758564689657,
    "scores": {
      "persistence_statistics": -4.701258564689658,
      "persistence_image": -4.753758564689656,
      "persistence_landscapes": -4.704758564689655,
      "persistence_silhouette": -4.707258564689658,
      "betti_curves": -4.69342523135632,
      "persistence_entropy": -4.741425231356322,
      "persistence_codebook": -4.662258564689655,
      "tropical_coordinates": -4.725925231356323,
      "ATOL": -4.649758564689657,
      "template_functions": -4.662425231356323,
      "minkowski_functionals": -4.881425231356323,
      "euler_characteristic_curve": -4.6894252313563225,
      "euler_characteristic_transform": -4.938425231356323,
      "lbp_texture": -4.664258564689657,
      "edge_histogram": -4.77559189802299
    },
    "n_train": 75,
    "alpha": 1.0
  },
  "BreakHis": {
    "predicted": "ATOL",
    "predicted_score": 3.480032126701458,
    "scores": {
      "persistence_statistics": 3.4285321267014557,
      "persistence_image": 3.3760321267014537,
      "persistence_landscapes": 3.425032126701453,
      "persistence_silhouette": 3.4225321267014555,
      "betti_curves": 3.4363654600347933,
      "persistence_entropy": 3.3883654600347914,
      "persistence_codebook": 3.467532126701457,
      "tropical_coordinates": 3.403865460034791,
      "ATOL": 3.480032126701458,
      "template_functions": 3.4673654600347916,
      "minkowski_functionals": 3.2483654600347913,
      "euler_characteristic_curve": 3.4403654600347906,
      "euler_characteristic_transform": 3.191365460034792,
      "lbp_texture": 3.4655321267014574,
      "edge_histogram": 3.3541987933681243
    },
    "n_train": 75,
    "alpha": 1.0
  },
  "BreastMNIST": {
    "predicted": "ATOL",
    "predicted_score": -0.7641543416875254,
    "scores": {
      "persistence_statistics": -0.8156543416875275,
      "persistence_image": -0.8681543416875259,
      "persistence_landscapes": -0.8191543416875255,
      "persistence_silhouette": -0.8216543416875264,
      "betti_curves": -0.8078210083541899,
      "persistence_entropy": -0.8558210083541917,
      "persistence_codebook": -0.7766543416875247,
      "tropical_coordinates": -0.8403210083541923,
      "ATOL": -0.7641543416875254,
      "template_functions": -0.7768210083541915,
      "minkowski_functionals": -0.9958210083541919,
      "euler_characteristic_curve": -0.8038210083541926,
      "euler_characteristic_transform": -1.0528210083541913,
      "lbp_texture": -0.7786543416875258,
      "edge_histogram": -0.8899876750208588
    },
    "n_train": 75,
    "alpha": 1.0
  },
  "Chaoyang": {
    "predicted": "ATOL",
    "predicted_score": 9.991097066863942,
    "scores": {
      "persistence_statistics": 9.93959706686394,
      "persistence_image": 9.88709706686394,
      "persistence_landscapes": 9.93609706686394,
      "persistence_silhouette": 9.933597066863939,
      "betti_curves": 9.947430400197277,
      "persistence_entropy": 9.899430400197279,
      "persistence_codebook": 9.97859706686394,
      "tropical_coordinates": 9.914930400197274,
      "ATOL": 9.991097066863942,
      "template_functions": 9.978430400197276,
      "minkowski_functionals": 9.759430400197274,
      "euler_characteristic_curve": 9.951430400197275,
      "euler_characteristic_transform": 9.702430400197276,
      "lbp_texture": 9.97659706686394,
      "edge_histogram": 9.865263733530607
    },
    "n_train": 75,
    "alpha": 1.0
  },
  "GasHisSDB": {
    "predicted": "ATOL",
    "predicted_score": -2.2499902749888636,
    "scores": {
      "persistence_statistics": -2.3014902749888657,
      "persistence_image": -2.353990274988864,
      "persistence_landscapes": -2.3049902749888638,
      "persistence_silhouette": -2.3074902749888646,
      "betti_curves": -2.293656941655528,
      "persistence_entropy": -2.34165694165553,
      "persistence_codebook": -2.262490274988863,
      "tropical_coordinates": -2.3261569416555306,
      "ATOL": -2.2499902749888636,
      "template_functions": -2.2626569416555298,
      "minkowski_functionals": -2.48165694165553,
      "euler_characteristic_curve": -2.289656941655531,
      "euler_characteristic_transform": -2.5386569416555296,
      "lbp_texture": -2.264490274988864,
      "edge_histogram": -2.375823608322197
    },
    "n_train": 75,
    "alpha": 1.0
  },
  "IDRiD": {
    "predicted": "ATOL",
    "predicted_score": -2.326192088012947,
    "scores": {
      "persistence_statistics": -2.377692088012949,
      "persistence_image": -2.430192088012947,
      "persistence_landscapes": -2.381192088012947,
      "persistence_silhouette": -2.383692088012948,
      "betti_curves": -2.3698587546796115,
      "persistence_entropy": -2.4178587546796133,
      "persistence_codebook": -2.3386920880129467,
      "tropical_coordinates": -2.402358754679614,
      "ATOL": -2.326192088012947,
      "template_functions": -2.338858754679613,
      "minkowski_functionals": -2.5578587546796134,
      "euler_characteristic_curve": -2.365858754679614,
      "euler_characteristic_transform": -2.6148587546796134,
      "lbp_texture": -2.3406920880129474,
      "edge_histogram": -2.4520254213462804
    },
    "n_train": 75,
    "alpha": 1.0
  },
  "ISIC2019": {
    "predicted": "ATOL",
    "predicted_score": -1.7095693240082195,
    "scores": {
      "persistence_statistics": -1.7610693240082216,
      "persistence_image": -1.81356932400822,
      "persistence_landscapes": -1.764569324008217,
      "persistence_silhouette": -1.7670693240082218,
      "betti_curves": -1.753235990674884,
      "persistence_entropy": -1.8012359906748858,
      "persistence_codebook": -1.7220693240082166,
      "tropical_coordinates": -1.7857359906748864,
      "ATOL": -1.7095693240082195,
      "template_functions": -1.7222359906748856,
      "minkowski_functionals": -1.941235990674886,
      "euler_characteristic_curve": -1.7492359906748867,
      "euler_characteristic_transform": -1.9982359906748854,
      "lbp_texture": -1.7240693240082199,
      "edge_histogram": -1.835402657341553
    },
    "n_train": 75,
    "alpha": 1.0
  },
  "Kvasir": {
    "predicted": "ATOL",