{
  "dataset": "BloodMNIST",
  "method": "medrax",
  "descriptor": "persistence_landscapes",
  "object_type": "discrete_cells",
  "color_mode": "per_channel",
  "best_balanced_accuracy": 0.7955,
  "best_accuracy": 0.83,
  "best_classifier": "TabPFN",
  "per_classifier": {
    "TabPFN": {
      "balanced_accuracy": 0.7955357142857142,
      "accuracy": 0.8300000000000001,
      "std": 0.08013555205721576,
      "fold_balanced_accuracy": [
        0.8005952380952381,
        0.8779761904761905,
        0.8883928571428572,
        0.6912202380952381,
        0.7194940476190477
      ],
      "fold_accuracy": [
        0.825,
        0.9,
        0.9,
        0.725,
        0.8
      ]
    },
    "XGBoost": {
      "balanced_accuracy": 0.7661309523809525,
      "accuracy": 0.7949999999999999,
      "std": 0.06087932750126925,
      "fold_balanced_accuracy": [
        0.7827380952380952,
        0.8172619047619047,
        0.8363095238095237,
        0.6726190476190477,
        0.7217261904761905
      ],
      "fold_accuracy": [
        0.8,
        0.825,
        0.85,
        0.7,
        0.8
      ]
    },
    "CatBoost": {
      "balanced_accuracy": 0.7534821428571428,
      "accuracy": 0.7849999999999999,
      "std": 0.05053222616825107,
      "fold_balanced_accuracy": [
        0.8005952380952381,
        0.7956845238095238,
        0.7738095238095238,
        0.7328869047619048,
        0.6644345238095237
      ],
      "fold_accuracy": [
        0.825,
        0.825,
        0.775,
        0.75,
        0.75
      ]
    },
    "RandomForest": {
      "balanced_accuracy": 0.763452380952381,
      "accuracy": 0.8,
      "std": 0.04366656686518169,
      "fold_balanced_accuracy": [
        0.7827380952380952,
        0.8113095238095238,
        0.7946428571428572,
        0.6912202380952381,
        0.7373511904761905
      ],
      "fold_accuracy": [
        0.8,
        0.85,
        0.8,
        0.725,
        0.825
      ]
    }
  },
  "feature_dim": 10500,
  "selection_reasoning": "Persistence landscapes are chosen because they provide a robust way to summarize the topological features while reducing noise, which is important given the low persistence values indicating potential noise. They can effectively capture the distribution of both H0 and H1 features, which are crucial for distinguishing cell types based on shape and internal granularity.",
  "selection_time_s": 4.48,
  "eval_time_s": 1939.63,
  "n_eval": 200,
  "n_demo": 3,
  "n_llm_calls": 1,
  "seed": 42,
  "timestamp": "2026-02-16T16:56:16.748547",
  "ph_stats_aggregated": {
    "n_samples": 3,
    "avg_H0_count": 761.3,
    "avg_H1_count": 970.7,
    "avg_H0_persistence": 0.041102,
    "avg_H1_persistence": 0.026256,
    "avg_total_features": 1732.0,
    "avg_h1_h0_ratio": 1.28
  }
}