{
  "dataset": "BrainTumorMRI",
  "method": "rule_based",
  "descriptor": "minkowski_functionals",
  "object_type": "organ_shape",
  "color_mode": "grayscale",
  "best_balanced_accuracy": 0.7963,
  "best_accuracy": 0.8,
  "best_classifier": "CatBoost",
  "per_classifier": {
    "TabPFN": {
      "balanced_accuracy": 0.795,
      "accuracy": 0.8,
      "std": 0.07478728805926625,
      "fold_balanced_accuracy": [
        0.8467171717171718,
        0.8517676767676767,
        0.7916666666666667,
        0.8333333333333334,
        0.6515151515151515
      ],
      "fold_accuracy": [
        0.85,
        0.85,
        0.8,
        0.85,
        0.65
      ]
    },
    "XGBoost": {
      "balanced_accuracy": 0.7928787878787878,
      "accuracy": 0.8,
      "std": 0.065585509335465,
      "fold_balanced_accuracy": [
        0.8467171717171718,
        0.793939393939394,
        0.848989898989899,
        0.8055555555555556,
        0.6691919191919192
      ],
      "fold_accuracy": [
        0.85,
        0.8,
        0.85,
        0.825,
        0.675
      ]
    },
    "CatBoost": {
      "balanced_accuracy": 0.7962878787878788,
      "accuracy": 0.7999999999999999,
      "std": 0.08097211885730551,
      "fold_balanced_accuracy": [
        0.8217171717171717,
        0.8517676767676767,
        0.8767676767676768,
        0.7847222222222222,
        0.6464646464646464
      ],
      "fold_accuracy": [
        0.825,
        0.85,
        0.875,
        0.8,
        0.65
      ]
    },
    "RandomForest": {
      "balanced_accuracy": 0.7641414141414141,
      "accuracy": 0.765,
      "std": 0.054202296915530204,
      "fold_balanced_accuracy": [
        0.8012626262626262,
        0.804040404040404,
        0.818939393939394,
        0.6944444444444444,
        0.702020202020202
      ],
      "fold_accuracy": [
        0.8,
        0.8,
        0.825,
        0.7,
        0.7
      ]
    }
  },
  "feature_dim": 105,
  "selection_reasoning": "Top-1 for organ_shape: minkowski_functionals (benchmark accuracy: 77.3%)",
  "selection_time_s": 0.0,
  "eval_time_s": 188.74,
  "n_eval": 200,
  "n_demo": 0,
  "n_llm_calls": 0,
  "seed": 42,
  "timestamp": "2026-02-16T17:17:40.670586"
}