{
  "dataset": "BrainTumorMRI",
  "method": "gpt4o",
  "descriptor": "persistence_image",
  "object_type": "organ_shape",
  "color_mode": "grayscale",
  "best_balanced_accuracy": 0.7259,
  "best_accuracy": 0.735,
  "best_classifier": "XGBoost",
  "per_classifier": {
    "TabPFN": {
      "balanced_accuracy": 0.7131818181818181,
      "accuracy": 0.72,
      "std": 0.08238059598991443,
      "fold_balanced_accuracy": [
        0.7540404040404041,
        0.6212121212121212,
        0.7166666666666667,
        0.6305555555555555,
        0.8434343434343434
      ],
      "fold_accuracy": [
        0.75,
        0.625,
        0.725,
        0.65,
        0.85
      ]
    },
    "XGBoost": {
      "balanced_accuracy": 0.7258838383838384,
      "accuracy": 0.735,
      "std": 0.0713817915671067,
      "fold_balanced_accuracy": [
        0.7994949494949495,
        0.623989898989899,
        0.718939393939394,
        0.6763888888888888,
        0.8106060606060606
      ],
      "fold_accuracy": [
        0.8,
        0.625,
        0.725,
        0.7,
        0.825
      ]
    },
    "CatBoost": {
      "balanced_accuracy": 0.7203030303030303,
      "accuracy": 0.725,
      "std": 0.04477511288203099,
      "fold_balanced_accuracy": [
        0.7517676767676769,
        0.6767676767676768,
        0.6939393939393939,
        0.6861111111111111,
        0.792929292929293
      ],
      "fold_accuracy": [
        0.75,
        0.675,
        0.7,
        0.7,
        0.8
      ]
    },
    "RandomForest": {
      "balanced_accuracy": 0.7069949494949495,
      "accuracy": 0.7150000000000001,
      "std": 0.05142195471579414,
      "fold_balanced_accuracy": [
        0.7467171717171717,
        0.6994949494949495,
        0.7416666666666667,
        0.6097222222222223,
        0.7373737373737375
      ],
      "fold_accuracy": [
        0.75,
        0.7,
        0.75,
        0.625,
        0.75
      ]
    }
  },
  "feature_dim": 288,
  "selection_reasoning": "Persistence images are effective for capturing topological features like shape and boundary regularity, which are crucial for distinguishing between different types of brain tumors in MRI scans.",
  "selection_time_s": 1.26,
  "eval_time_s": 51.89,
  "n_eval": 200,
  "n_demo": 0,
  "n_llm_calls": 1,
  "seed": 42,
  "timestamp": "2026-02-16T17:05:07.261891"
}