{
  "dataset": "BreakHis",
  "method": "medrax",
  "descriptor": "persistence_image",
  "object_type": "glands_lumens",
  "color_mode": "per_channel",
  "best_balanced_accuracy": 0.2939,
  "best_accuracy": 0.5,
  "best_classifier": "CatBoost",
  "per_classifier": {
    "TabPFN": {
      "balanced_accuracy": 0.21969771241830066,
      "accuracy": 0.475,
      "std": 0.04984427108023389,
      "fold_balanced_accuracy": [
        0.24375,
        0.2218137254901961,
        0.1738970588235294,
        0.16041666666666668,
        0.29861111111111105
      ],
      "fold_accuracy": [
        0.5,
        0.475,
        0.45,
        0.425,
        0.525
      ]
    },
    "XGBoost": {
      "balanced_accuracy": 0.2921732026143791,
      "accuracy": 0.495,
      "std": 0.03624187610869498,
      "fold_balanced_accuracy": [
        0.29889705882352946,
        0.3321078431372549,
        0.29583333333333334,
        0.22430555555555554,
        0.30972222222222223
      ],
      "fold_accuracy": [
        0.5,
        0.525,
        0.55,
        0.4,
        0.5
      ]
    },
    "CatBoost": {
      "balanced_accuracy": 0.2939215686274509,
      "accuracy": 0.5,
      "std": 0.05239538646597176,
      "fold_balanced_accuracy": [
        0.3718137254901961,
        0.32598039215686275,
        0.23223039215686272,
        0.2409722222222222,
        0.29861111111111105
      ],
      "fold_accuracy": [
        0.55,
        0.55,
        0.475,
        0.4,
        0.525
      ]
    },
    "RandomForest": {
      "balanced_accuracy": 0.155,
      "accuracy": 0.45499999999999996,
      "std": 0.031966779631361054,
      "fold_balanced_accuracy": [
        0.15625,
        0.125,
        0.125,
        0.2125,
        0.15625
      ],
      "fold_accuracy": [
        0.45,
        0.425,
        0.425,
        0.5,
        0.475
      ]
    }
  },
  "feature_dim": 4056,
  "selection_reasoning": "Persistence images are well-suited for capturing the spatial distribution and density of topological features like connected components and loops, which are crucial for analyzing glandular structures and lumens in histopathology. This aligns with the need to differentiate between benign and malignant subtypes based on gland/lumen patterns.",
  "selection_time_s": 4.91,
  "eval_time_s": 846.41,
  "n_eval": 200,
  "n_demo": 3,
  "n_llm_calls": 1,
  "seed": 42,
  "timestamp": "2026-02-16T16:34:18.699265",
  "ph_stats_aggregated": {
    "n_samples": 3,
    "avg_H0_count": 12166.3,
    "avg_H1_count": 17737.7,
    "avg_H0_persistence": 0.043648,
    "avg_H1_persistence": 0.031284,
    "avg_total_features": 29904.0,
    "avg_h1_h0_ratio": 1.46
  }
}