{
  "dataset": "Chaoyang",
  "method": "gpt4o",
  "descriptor": "persistence_image",
  "object_type": "glands_lumens",
  "color_mode": "per_channel",
  "best_balanced_accuracy": 0.556,
  "best_accuracy": 0.67,
  "best_classifier": "CatBoost",
  "per_classifier": {
    "TabPFN": {
      "balanced_accuracy": 0.5555140692640693,
      "accuracy": 0.6699999999999999,
      "std": 0.03632001577433704,
      "fold_balanced_accuracy": [
        0.5,
        0.5267857142857143,
        0.5982142857142857,
        0.5773809523809524,
        0.575189393939394
      ],
      "fold_accuracy": [
        0.625,
        0.625,
        0.725,
        0.7,
        0.675
      ]
    },
    "XGBoost": {
      "balanced_accuracy": 0.5334090909090909,
      "accuracy": 0.655,
      "std": 0.024536987858489682,
      "fold_balanced_accuracy": [
        0.5267857142857143,
        0.5059523809523809,
        0.5297619047619048,
        0.525,
        0.5795454545454546
      ],
      "fold_accuracy": [
        0.625,
        0.625,
        0.675,
        0.675,
        0.675
      ]
    },
    "CatBoost": {
      "balanced_accuracy": 0.5560497835497835,
      "accuracy": 0.6699999999999999,
      "std": 0.06379852826680509,
      "fold_balanced_accuracy": [
        0.4851190476190476,
        0.47470238095238093,
        0.5964285714285714,
        0.6321428571428571,
        0.5918560606060607
      ],
      "fold_accuracy": [
        0.6,
        0.6,
        0.7,
        0.75,
        0.7
      ]
    },
    "RandomForest": {
      "balanced_accuracy": 0.4953950216450217,
      "accuracy": 0.625,
      "std": 0.04578462659843373,
      "fold_balanced_accuracy": [
        0.45833333333333337,
        0.443452380952381,
        0.5,
        0.5,
        0.575189393939394
      ],
      "fold_accuracy": [
        0.6,
        0.55,
        0.65,
        0.65,
        0.675
      ]
    }
  },
  "feature_dim": 4056,
  "selection_reasoning": "Persistence images are well-suited for capturing the intricate topological features of glandular architecture and cellular organization in histopathology images, which are crucial for distinguishing between the four classes in the dataset.",
  "selection_time_s": 2.06,
  "eval_time_s": 683.66,
  "n_eval": 200,
  "n_demo": 0,
  "n_llm_calls": 1,
  "seed": 42,
  "timestamp": "2026-02-16T18:24:00.612035"
}