{
  "dataset": "Chaoyang",
  "method": "topoagent",
  "descriptor": "persistence_landscapes",
  "object_type": "glands_lumens",
  "color_mode": "per_channel",
  "best_balanced_accuracy": 0.5661,
  "best_accuracy": 0.645,
  "best_classifier": "TabPFN",
  "per_classifier": {
    "TabPFN": {
      "balanced_accuracy": 0.5660876623376623,
      "accuracy": 0.6449999999999999,
      "std": 0.04861016485169703,
      "fold_balanced_accuracy": [
        0.5505952380952381,
        0.5267857142857143,
        0.6089285714285714,
        0.5083333333333334,
        0.6357954545454545
      ],
      "fold_accuracy": [
        0.625,
        0.625,
        0.65,
        0.625,
        0.7
      ]
    },
    "XGBoost": {
      "balanced_accuracy": 0.5325162337662338,
      "accuracy": 0.625,
      "std": 0.07957959408161283,
      "fold_balanced_accuracy": [
        0.4136904761904762,
        0.5416666666666667,
        0.5565476190476191,
        0.494047619047619,
        0.656628787878788
      ],
      "fold_accuracy": [
        0.5,
        0.65,
        0.675,
        0.575,
        0.725
      ]
    },
    "CatBoost": {
      "balanced_accuracy": 0.5506114718614719,
      "accuracy": 0.635,
      "std": 0.0701088933675177,
      "fold_balanced_accuracy": [
        0.4136904761904762,
        0.5729166666666667,
        0.5922619047619048,
        0.5654761904761905,
        0.6087121212121213
      ],
      "fold_accuracy": [
        0.5,
        0.675,
        0.7,
        0.625,
        0.675
      ]
    },
    "RandomForest": {
      "balanced_accuracy": 0.5629924242424242,
      "accuracy": 0.6649999999999999,
      "std": 0.024878151268975364,
      "fold_balanced_accuracy": [
        0.5446428571428572,
        0.59375,
        0.5863095238095238,
        0.5273809523809524,
        0.5628787878787879
      ],
      "fold_accuracy": [
        0.65,
        0.7,
        0.7,
        0.625,
        0.65
      ]
    }
  },
  "feature_dim": 11400,
  "selection_reasoning": "Majority vote from 3 demo images: ['persistence_landscapes', 'persistence_landscapes', 'persistence_landscapes']",
  "selection_time_s": 88.09,
  "eval_time_s": 2068.8,
  "n_eval": 200,
  "n_demo": 3,
  "n_llm_calls": 9,
  "seed": 42,
  "timestamp": "2026-02-16T18:12:34.880150",
  "demo_results": [
    {
      "index": 95,
      "descriptor": "persistence_landscapes",
      "observe_decisions": {
        "object_type": "glands_lumens",
        "object_type_reasoning": "The image likely contains histopathological structures such as glandular architectures, which are common in pathology images examining tissues from the colon.",
        "color_mode": "per_channel",
        "color_mode_reasoning": "The image is RGB, and color differences in H&E staining can carry important diagnostic information regarding tissue and cellular structures.",
        "filtration_type": "sublevel",
        "filtration_reasoning": "Sublevel filtration is suitable for capturing dark-on-light structures typical in stained tissue images where cellular and glandular boundaries are darker.",
        "_n_channels": 3,
        "_gt_object_type": "glands_lumens",
        "_object_type_correct": true
      },
      "benchmark_stance": "DEVIATE",
      "ph_signals": [
        {
          "name": "h1_dominant",
          "description": "H1 features significantly outnumber H0 \u2014 loop/cavity structure dominates",
          "recommends": [
            "persistence_landscapes",
            "persistence_silhouette"
          ],
          "reasoning": "When H1 features greatly exceed H0, the image has rich loop/cavity structure. Persistence landscapes capture multi-level H1 information via layered envelope functions, better than single-summary descriptors.",
          "metrics": {
            "h1_h0_ratio": 1.91,
            "h1_count": 10893
          }
        }
      ],
      "tools_used": [
        "image_loader",
        "compute_ph",
        "persistence_landscapes"
      ],
      "time_s": 31.79
    },
    {
      "index": 15,
      "descriptor": "persistence_landscapes",
      "observe_decisions": {
        "object_type": "glands_lumens",
        "object_type_reasoning": "The image likely contains glandular structures, which are common in histopathology images, especially when assessing conditions like adenocarcinoma and adenoma.",
        "color_mode": "per_channel",
        "color_mode_reasoning": "Color in histopathology images is diagnostically meaningful due to H&E staining, so using per-channel mode allows for capturing color-specific features.",
        "filtration_type": "sublevel",
        "filtration_reasoning": "Sublevel filtration is suitable for histopathology images where dark-stained regions (like cellular structures) need to be captured first in the filtration process.",
        "_n_channels": 3,
        "_gt_object_type": "glands_lumens",
        "_object_type_correct": true
      },
      "benchmark_stance": "DEVIATE",
      "ph_signals": [
        {
          "name": "rich_topology",
          "description": "Very many PH features with H1-heavy profile \u2014 multi-scale structure",
          "recommends": [
            "persistence_landscapes",
            "betti_curves"
          ],
          "reasoning": "Extremely rich PH diagrams (>20K features) with H1 emphasis contain multi-scale topological information. Persistence landscapes' layered representation captures different scales via different landscape levels.",
          "metrics": {
            "total_features": 29188,
            "h1_h0_ratio": 1.63
          }
        }
      ],
      "tools_used": [
        "image_loader",
        "compute_ph",
        "persistence_landscapes"
      ],
      "time_s": 26.53
    },
    {
      "index": 30,
      "descriptor": "persistence_landscapes",
      "observe_decisions": {
        "object_type": "glands_lumens",
        "object_type_reasoning": "The image contains glandular structures typical of histopathology images, which are crucial for differentiating between normal tissue and pathological conditions like adenomas and adenocarcinomas.",
        "color_mode": "per_channel",
        "color_mode_reasoning": "Since this is an RGB pathology image, color differences in the stain can provide important diagnostic information, thus using per-channel mode is beneficial.",
        "filtration_type": "sublevel",
        "filtration_reasoning": "Sublevel filtration is suitable as it captures dark-on-light structures, such as stained cells and tissue boundaries, which are prominent in H&E stained histopathology images.",
        "_n_channels": 3,
        "_gt_object_type": "glands_lumens",
        "_object_type_correct": true
      },
      "benchmark_stance": "DEVIATE",
      "ph_signals": [
        {
          "name": "rich_topology",
          "description": "Very many PH features with H1-heavy profile \u2014 multi-scale structure",
          "recommends": [
            "persistence_landscapes",
            "betti_curves"
          ],
          "reasoning": "Extremely rich PH diagrams (>20K features) with H1 emphasis contain multi-scale topological information. Persistence landscapes' layered representation captures different scales via different landscape levels.",
          "metrics": {
            "total_features": 46144,
            "h1_h0_ratio": 1.43
          }
        }
      ],
      "tools_used": [
        "image_loader",
        "compute_ph",
        "persistence_landscapes"
      ],
      "time_s": 29.77
    }
  ]
}