{
  "dataset": "Chaoyang",
  "method": "medrax",
  "descriptor": "persistence_landscapes",
  "object_type": "glands_lumens",
  "color_mode": "per_channel",
  "best_balanced_accuracy": 0.5661,
  "best_accuracy": 0.645,
  "best_classifier": "TabPFN",
  "per_classifier": {
    "TabPFN": {
      "balanced_accuracy": 0.5660876623376623,
      "accuracy": 0.6449999999999999,
      "std": 0.04861016485169703,
      "fold_balanced_accuracy": [
        0.5505952380952381,
        0.5267857142857143,
        0.6089285714285714,
        0.5083333333333334,
        0.6357954545454545
      ],
      "fold_accuracy": [
        0.625,
        0.625,
        0.65,
        0.625,
        0.7
      ]
    },
    "XGBoost": {
      "balanced_accuracy": 0.5325162337662338,
      "accuracy": 0.625,
      "std": 0.07957959408161283,
      "fold_balanced_accuracy": [
        0.4136904761904762,
        0.5416666666666667,
        0.5565476190476191,
        0.494047619047619,
        0.656628787878788
      ],
      "fold_accuracy": [
        0.5,
        0.65,
        0.675,
        0.575,
        0.725
      ]
    },
    "CatBoost": {
      "balanced_accuracy": 0.5506114718614719,
      "accuracy": 0.635,
      "std": 0.0701088933675177,
      "fold_balanced_accuracy": [
        0.4136904761904762,
        0.5729166666666667,
        0.5922619047619048,
        0.5654761904761905,
        0.6087121212121213
      ],
      "fold_accuracy": [
        0.5,
        0.675,
        0.7,
        0.625,
        0.675
      ]
    },
    "RandomForest": {
      "balanced_accuracy": 0.5629924242424242,
      "accuracy": 0.6649999999999999,
      "std": 0.024878151268975364,
      "fold_balanced_accuracy": [
        0.5446428571428572,
        0.59375,
        0.5863095238095238,
        0.5273809523809524,
        0.5628787878787879
      ],
      "fold_accuracy": [
        0.65,
        0.7,
        0.7,
        0.625,
        0.65
      ]
    }
  },
  "feature_dim": 11400,
  "selection_reasoning": "Persistence landscapes are well-suited for capturing the topological features of glandular structures and lumens, providing a robust summary of the persistence of these features. Given the noisy signal with many short-lived features, persistence landscapes can help in distinguishing significant topological features from noise.",
  "selection_time_s": 4.04,
  "eval_time_s": 2068.8,
  "n_eval": 200,
  "n_demo": 3,
  "n_llm_calls": 1,
  "seed": 42,
  "timestamp": "2026-02-16T18:24:07.921939",
  "ph_stats_aggregated": {
    "n_samples": 3,
    "avg_H0_count": 12164.7,
    "avg_H1_count": 18983.7,
    "avg_H0_persistence": 0.019162,
    "avg_H1_persistence": 0.023717,
    "avg_total_features": 31148.3,
    "avg_h1_h0_ratio": 1.64
  }
}