{
  "dataset": "GasHisSDB",
  "method": "rule_based",
  "descriptor": "persistence_statistics",
  "object_type": "surface_lesions",
  "color_mode": "per_channel",
  "best_balanced_accuracy": 0.8857,
  "best_accuracy": 0.89,
  "best_classifier": "TabPFN",
  "per_classifier": {
    "TabPFN": {
      "balanced_accuracy": 0.8856666666666667,
      "accuracy": 0.89,
      "std": 0.04886105583977667,
      "fold_balanced_accuracy": [
        0.8958333333333333,
        0.96875,
        0.8229166666666667,
        0.8541666666666667,
        0.8866666666666667
      ],
      "fold_accuracy": [
        0.9,
        0.975,
        0.85,
        0.85,
        0.875
      ]
    },
    "XGBoost": {
      "balanced_accuracy": 0.8205,
      "accuracy": 0.8300000000000001,
      "std": 0.05127634824057666,
      "fold_balanced_accuracy": [
        0.7916666666666667,
        0.8854166666666667,
        0.8020833333333333,
        0.75,
        0.8733333333333333
      ],
      "fold_accuracy": [
        0.8,
        0.9,
        0.825,
        0.75,
        0.875
      ]
    },
    "CatBoost": {
      "balanced_accuracy": 0.8039999999999999,
      "accuracy": 0.8150000000000001,
      "std": 0.08176083006754112,
      "fold_balanced_accuracy": [
        0.75,
        0.9375,
        0.7708333333333333,
        0.7083333333333333,
        0.8533333333333333
      ],
      "fold_accuracy": [
        0.775,
        0.95,
        0.8,
        0.7,
        0.85
      ]
    },
    "RandomForest": {
      "balanced_accuracy": 0.8355,
      "accuracy": 0.85,
      "std": 0.05880487980507138,
      "fold_balanced_accuracy": [
        0.8020833333333333,
        0.90625,
        0.7708333333333333,
        0.7916666666666667,
        0.9066666666666667
      ],
      "fold_accuracy": [
        0.825,
        0.925,
        0.8,
        0.8,
        0.9
      ]
    }
  },
  "feature_dim": 186,
  "selection_reasoning": "Top-1 for surface_lesions: persistence_statistics (benchmark accuracy: 63.0%)",
  "selection_time_s": 0.0,
  "eval_time_s": 46.41,
  "n_eval": 200,
  "n_demo": 0,
  "n_llm_calls": 0,
  "seed": 42,
  "timestamp": "2026-02-16T17:35:04.271377"
}