{
  "dataset": "ISIC2019",
  "method": "rule_based",
  "descriptor": "persistence_statistics",
  "object_type": "surface_lesions",
  "color_mode": "per_channel",
  "best_balanced_accuracy": 0.2848,
  "best_accuracy": 0.565,
  "best_classifier": "CatBoost",
  "per_classifier": {
    "TabPFN": {
      "balanced_accuracy": 0.24500850340136054,
      "accuracy": 0.58,
      "std": 0.02334662386012498,
      "fold_balanced_accuracy": [
        0.20612244897959187,
        0.2333333333333333,
        0.25,
        0.2704081632653061,
        0.26517857142857143
      ],
      "fold_accuracy": [
        0.525,
        0.55,
        0.575,
        0.6,
        0.65
      ]
    },
    "XGBoost": {
      "balanced_accuracy": 0.2547732426303855,
      "accuracy": 0.5650000000000001,
      "std": 0.04798940377764447,
      "fold_balanced_accuracy": [
        0.3183673469387755,
        0.2125,
        0.3075396825396825,
        0.22653061224489798,
        0.2089285714285714
      ],
      "fold_accuracy": [
        0.65,
        0.525,
        0.6,
        0.55,
        0.5
      ]
    },
    "CatBoost": {
      "balanced_accuracy": 0.2847874149659864,
      "accuracy": 0.565,
      "std": 0.05884216358350631,
      "fold_balanced_accuracy": [
        0.3091836734693878,
        0.25833333333333336,
        0.2797619047619047,
        0.1989795918367347,
        0.3776785714285714
      ],
      "fold_accuracy": [
        0.6,
        0.55,
        0.575,
        0.5,
        0.6
      ]
    },
    "RandomForest": {
      "balanced_accuracy": 0.2292828798185941,
      "accuracy": 0.555,
      "std": 0.03763409257271225,
      "fold_balanced_accuracy": [
        0.23265306122448978,
        0.24583333333333335,
        0.28769841269841273,
        0.17755102040816326,
        0.2026785714285714
      ],
      "fold_accuracy": [
        0.575,
        0.55,
        0.6,
        0.5,
        0.55
      ]
    }
  },
  "feature_dim": 186,
  "selection_reasoning": "Top-1 for surface_lesions: persistence_statistics (benchmark accuracy: 63.0%)",
  "selection_time_s": 0.0,
  "eval_time_s": 150.08,
  "n_eval": 200,
  "n_demo": 0,
  "n_llm_calls": 0,
  "seed": 42,
  "timestamp": "2026-02-16T17:09:58.035620"
}