{
  "dataset": "Kvasir",
  "method": "gpt4o",
  "descriptor": "persistence_image",
  "object_type": "glands_lumens",
  "color_mode": "per_channel",
  "best_balanced_accuracy": 0.635,
  "best_accuracy": 0.635,
  "best_classifier": "TabPFN",
  "per_classifier": {
    "TabPFN": {
      "balanced_accuracy": 0.635,
      "accuracy": 0.635,
      "std": 0.051478150704934986,
      "fold_balanced_accuracy": [
        0.65,
        0.5750000000000001,
        0.7,
        0.575,
        0.675
      ],
      "fold_accuracy": [
        0.65,
        0.575,
        0.7,
        0.575,
        0.675
      ]
    },
    "XGBoost": {
      "balanced_accuracy": 0.56,
      "accuracy": 0.56,
      "std": 0.07176350047203663,
      "fold_balanced_accuracy": [
        0.5249999999999999,
        0.55,
        0.65,
        0.45,
        0.625
      ],
      "fold_accuracy": [
        0.525,
        0.55,
        0.65,
        0.45,
        0.625
      ]
    },
    "CatBoost": {
      "balanced_accuracy": 0.5700000000000001,
      "accuracy": 0.5700000000000001,
      "std": 0.029154759474226525,
      "fold_balanced_accuracy": [
        0.525,
        0.6000000000000001,
        0.6000000000000001,
        0.55,
        0.575
      ],
      "fold_accuracy": [
        0.525,
        0.6,
        0.6,
        0.55,
        0.575
      ]
    },
    "RandomForest": {
      "balanced_accuracy": 0.5800000000000001,
      "accuracy": 0.5800000000000001,
      "std": 0.060000000000000005,
      "fold_balanced_accuracy": [
        0.55,
        0.525,
        0.675,
        0.525,
        0.625
      ],
      "fold_accuracy": [
        0.55,
        0.525,
        0.675,
        0.525,
        0.625
      ]
    }
  },
  "feature_dim": 4056,
  "selection_reasoning": "Persistence images are effective for capturing complex topological features like texture and shape, which are crucial for distinguishing mucosal surface textures, glandular patterns, and polyp shapes in endoscopic images.",
  "selection_time_s": 1.58,
  "eval_time_s": 615.9,
  "n_eval": 200,
  "n_demo": 0,
  "n_llm_calls": 1,
  "seed": 42,
  "timestamp": "2026-02-16T17:03:22.585915"
}