{
  "dataset": "LC25000",
  "method": "gpt4o",
  "descriptor": "persistence_image",
  "object_type": "glands_lumens",
  "color_mode": "per_channel",
  "best_balanced_accuracy": 0.93,
  "best_accuracy": 0.93,
  "best_classifier": "TabPFN",
  "per_classifier": {
    "TabPFN": {
      "balanced_accuracy": 0.9299999999999999,
      "accuracy": 0.9299999999999999,
      "std": 0.02915475947422648,
      "fold_balanced_accuracy": [
        0.95,
        0.9,
        0.9,
        0.925,
        0.975
      ],
      "fold_accuracy": [
        0.95,
        0.9,
        0.9,
        0.925,
        0.975
      ]
    },
    "XGBoost": {
      "balanced_accuracy": 0.9099999999999999,
      "accuracy": 0.9099999999999999,
      "std": 0.029999999999999995,
      "fold_balanced_accuracy": [
        0.925,
        0.875,
        0.875,
        0.925,
        0.95
      ],
      "fold_accuracy": [
        0.925,
        0.875,
        0.875,
        0.925,
        0.95
      ]
    },
    "CatBoost": {
      "balanced_accuracy": 0.9199999999999999,
      "accuracy": 0.9199999999999999,
      "std": 0.03674234614174767,
      "fold_balanced_accuracy": [
        0.95,
        0.85,
        0.925,
        0.95,
        0.925
      ],
      "fold_accuracy": [
        0.95,
        0.85,
        0.925,
        0.95,
        0.925
      ]
    },
    "RandomForest": {
      "balanced_accuracy": 0.8949999999999999,
      "accuracy": 0.8949999999999999,
      "std": 0.04,
      "fold_balanced_accuracy": [
        0.95,
        0.85,
        0.85,
        0.9,
        0.925
      ],
      "fold_accuracy": [
        0.95,
        0.85,
        0.85,
        0.9,
        0.925
      ]
    }
  },
  "feature_dim": 4056,
  "selection_reasoning": "Persistence images are well-suited for capturing complex topological features such as glandular architecture and tissue organization patterns, which are crucial for distinguishing between different types of cancer in histopathology images.",
  "selection_time_s": 1.24,
  "eval_time_s": 526.41,
  "n_eval": 200,
  "n_demo": 0,
  "n_llm_calls": 1,
  "seed": 42,
  "timestamp": "2026-02-16T16:47:41.309737"
}