{
  "dataset": "MalariaCell",
  "method": "gpt4o",
  "descriptor": "persistence_image",
  "object_type": "discrete_cells",
  "color_mode": "per_channel",
  "best_balanced_accuracy": 0.885,
  "best_accuracy": 0.885,
  "best_classifier": "CatBoost",
  "per_classifier": {
    "TabPFN": {
      "balanced_accuracy": 0.725,
      "accuracy": 0.725,
      "std": 0.08944271909999157,
      "fold_balanced_accuracy": [
        0.675,
        0.775,
        0.7749999999999999,
        0.575,
        0.825
      ],
      "fold_accuracy": [
        0.675,
        0.775,
        0.775,
        0.575,
        0.825
      ]
    },
    "XGBoost": {
      "balanced_accuracy": 0.8699999999999999,
      "accuracy": 0.8699999999999999,
      "std": 0.06403124237432847,
      "fold_balanced_accuracy": [
        0.95,
        0.925,
        0.775,
        0.825,
        0.875
      ],
      "fold_accuracy": [
        0.95,
        0.925,
        0.775,
        0.825,
        0.875
      ]
    },
    "CatBoost": {
      "balanced_accuracy": 0.885,
      "accuracy": 0.885,
      "std": 0.05147815070493502,
      "fold_balanced_accuracy": [
        0.95,
        0.9,
        0.825,
        0.825,
        0.925
      ],
      "fold_accuracy": [
        0.95,
        0.9,
        0.825,
        0.825,
        0.925
      ]
    },
    "RandomForest": {
      "balanced_accuracy": 0.8549999999999999,
      "accuracy": 0.8549999999999999,
      "std": 0.04301162633521314,
      "fold_balanced_accuracy": [
        0.85,
        0.925,
        0.825,
        0.8,
        0.875
      ],
      "fold_accuracy": [
        0.85,
        0.925,
        0.825,
        0.8,
        0.875
      ]
    }
  },
  "feature_dim": 600,
  "selection_reasoning": "Persistence images are effective for capturing topological features such as cell shape and structure, which are crucial for distinguishing parasitized from uninfected cells in malaria detection.",
  "selection_time_s": 1.69,
  "eval_time_s": 41.96,
  "n_eval": 200,
  "n_demo": 0,
  "n_llm_calls": 1,
  "seed": 42,
  "timestamp": "2026-02-16T17:22:26.795626"
}