{
  "dataset": "NCT_CRC_HE",
  "method": "gpt4o",
  "descriptor": "persistence_image",
  "object_type": "glands_lumens",
  "color_mode": "per_channel",
  "best_balanced_accuracy": 0.653,
  "best_accuracy": 0.66,
  "best_classifier": "TabPFN",
  "per_classifier": {
    "TabPFN": {
      "balanced_accuracy": 0.652962962962963,
      "accuracy": 0.66,
      "std": 0.09978440408033731,
      "fold_balanced_accuracy": [
        0.5,
        0.7777777777777778,
        0.7388888888888888,
        0.5944444444444444,
        0.6537037037037037
      ],
      "fold_accuracy": [
        0.525,
        0.8,
        0.725,
        0.6,
        0.65
      ]
    },
    "XGBoost": {
      "balanced_accuracy": 0.6351851851851852,
      "accuracy": 0.655,
      "std": 0.0915122155600432,
      "fold_balanced_accuracy": [
        0.5055555555555556,
        0.6962962962962963,
        0.5907407407407407,
        0.7722222222222221,
        0.6111111111111112
      ],
      "fold_accuracy": [
        0.525,
        0.725,
        0.625,
        0.775,
        0.625
      ]
    },
    "CatBoost": {
      "balanced_accuracy": 0.6496296296296296,
      "accuracy": 0.655,
      "std": 0.08931533508268767,
      "fold_balanced_accuracy": [
        0.5314814814814814,
        0.787037037037037,
        0.711111111111111,
        0.6074074074074075,
        0.6111111111111112
      ],
      "fold_accuracy": [
        0.55,
        0.8,
        0.7,
        0.6,
        0.625
      ]
    },
    "RandomForest": {
      "balanced_accuracy": 0.5962962962962963,
      "accuracy": 0.61,
      "std": 0.04464461097867897,
      "fold_balanced_accuracy": [
        0.5666666666666668,
        0.625925925925926,
        0.6462962962962963,
        0.6185185185185186,
        0.5240740740740741
      ],
      "fold_accuracy": [
        0.6,
        0.65,
        0.65,
        0.625,
        0.525
      ]
    }
  },
  "feature_dim": 4056,
  "selection_reasoning": "Persistence images are effective for capturing complex topological features such as tissue architecture and glandular structures in histopathology images, which are crucial for distinguishing between different tissue types in colorectal cancer.",
  "selection_time_s": 1.38,
  "eval_time_s": 805.76,
  "n_eval": 200,
  "n_demo": 0,
  "n_llm_calls": 1,
  "seed": 42,
  "timestamp": "2026-02-16T17:22:50.817576"
}