{
  "dataset": "OrganCMNIST",
  "method": "rule_based",
  "descriptor": "minkowski_functionals",
  "object_type": "organ_shape",
  "color_mode": "grayscale",
  "best_balanced_accuracy": 0.5558,
  "best_accuracy": 0.57,
  "best_classifier": "CatBoost",
  "per_classifier": {
    "XGBoost": {
      "balanced_accuracy": 0.5322222222222222,
      "accuracy": 0.55,
      "std": 0.0670150066874141,
      "fold_balanced_accuracy": [
        0.494949494949495,
        0.6333333333333334,
        0.586868686868687,
        0.45252525252525255,
        0.49343434343434345
      ],
      "fold_accuracy": [
        0.525,
        0.625,
        0.575,
        0.475,
        0.55
      ]
    },
    "CatBoost": {
      "balanced_accuracy": 0.5557575757575758,
      "accuracy": 0.5700000000000001,
      "std": 0.07287485026847668,
      "fold_balanced_accuracy": [
        0.4924242424242424,
        0.696969696969697,
        0.5338383838383839,
        0.5111111111111112,
        0.5444444444444444
      ],
      "fold_accuracy": [
        0.5,
        0.65,
        0.55,
        0.55,
        0.6
      ]
    },
    "RandomForest": {
      "balanced_accuracy": 0.5234343434343434,
      "accuracy": 0.5499999999999999,
      "std": 0.04597524431126674,
      "fold_balanced_accuracy": [
        0.5505050505050505,
        0.4984848484848485,
        0.5792929292929293,
        0.5414141414141415,
        0.4474747474747475
      ],
      "fold_accuracy": [
        0.575,
        0.5,
        0.575,
        0.575,
        0.525
      ]
    }
  },
  "feature_dim": 105,
  "selection_reasoning": "Top-1 for organ_shape: minkowski_functionals (benchmark accuracy: 77.3%)",
  "selection_time_s": 0.0,
  "eval_time_s": 319.5,
  "n_eval": 200,
  "n_demo": 0,
  "n_llm_calls": 0,
  "seed": 42,
  "timestamp": "2026-02-16T21:19:39.690683"
}