{
  "dataset": "PathMNIST",
  "method": "topoagent",
  "descriptor": "persistence_statistics",
  "object_type": "glands_lumens",
  "color_mode": "per_channel",
  "best_balanced_accuracy": 0.8344,
  "best_accuracy": 0.85,
  "best_classifier": "TabPFN",
  "per_classifier": {
    "TabPFN": {
      "balanced_accuracy": 0.8344444444444443,
      "accuracy": 0.85,
      "std": 0.055427011782312414,
      "fold_balanced_accuracy": [
        0.825925925925926,
        0.75,
        0.8518518518518517,
        0.9222222222222223,
        0.8222222222222223
      ],
      "fold_accuracy": [
        0.85,
        0.775,
        0.875,
        0.925,
        0.825
      ]
    },
    "XGBoost": {
      "balanced_accuracy": 0.7092592592592594,
      "accuracy": 0.7200000000000001,
      "std": 0.0936238863686262,
      "fold_balanced_accuracy": [
        0.6222222222222222,
        0.5814814814814815,
        0.8111111111111111,
        0.7259259259259259,
        0.8055555555555556
      ],
      "fold_accuracy": [
        0.65,
        0.6,
        0.825,
        0.725,
        0.8
      ]
    },
    "CatBoost": {
      "balanced_accuracy": 0.71,
      "accuracy": 0.7150000000000001,
      "std": 0.0455510386197896,
      "fold_balanced_accuracy": [
        0.6648148148148147,
        0.6481481481481481,
        0.7648148148148147,
        0.7444444444444445,
        0.7277777777777777
      ],
      "fold_accuracy": [
        0.675,
        0.65,
        0.775,
        0.75,
        0.725
      ]
    },
    "RandomForest": {
      "balanced_accuracy": 0.6696296296296296,
      "accuracy": 0.6849999999999999,
      "std": 0.07380134979676466,
      "fold_balanced_accuracy": [
        0.6499999999999999,
        0.5333333333333333,
        0.7277777777777777,
        0.7259259259259259,
        0.7111111111111111
      ],
      "fold_accuracy": [
        0.675,
        0.575,
        0.75,
        0.725,
        0.7
      ]
    }
  },
  "feature_dim": 186,
  "selection_reasoning": "Majority vote from 3 demo images: ['persistence_statistics', 'persistence_statistics', 'persistence_statistics']",
  "selection_time_s": 62.4,
  "eval_time_s": 124.13,
  "n_eval": 200,
  "n_demo": 3,
  "n_llm_calls": 9,
  "seed": 42,
  "timestamp": "2026-02-16T16:19:51.943284",
  "demo_results": [
    {
      "index": 95,
      "descriptor": "persistence_statistics",
      "observe_decisions": {
        "object_type": "glands_lumens",
        "object_type_reasoning": "The image contains histopathology structures like glandular patterns and lumens, which are indicative of tissue architecture in colorectal cancer.",
        "color_mode": "per_channel",
        "color_mode_reasoning": "Color provides important diagnostic information in histopathology images by differentiating between tissue types and structures, making per-channel analysis beneficial.",
        "filtration_type": "sublevel",
        "filtration_reasoning": "Sublevel filtration is appropriate as it captures dark-on-light structures, which are common in H&E stained images where stained regions are darker.",
        "_n_channels": 3,
        "_gt_object_type": "glands_lumens",
        "_object_type_correct": true
      },
      "benchmark_stance": "FOLLOW",
      "ph_signals": [],
      "tools_used": [
        "image_loader",
        "compute_ph",
        "persistence_statistics"
      ],
      "time_s": 19.43
    },
    {
      "index": 15,
      "descriptor": "persistence_statistics",
      "observe_decisions": {
        "object_type": "glands_lumens",
        "object_type_reasoning": "The image contains histopathology features such as glandular structures and lumens, which are characteristic of colorectal tissue images.",
        "color_mode": "per_channel",
        "color_mode_reasoning": "Since it is an RGB image and color could carry diagnostic information relevant to pathology, using per-channel mode can enhance feature extraction.",
        "filtration_type": "sublevel",
        "filtration_reasoning": "Sublevel filtration is suitable as it captures dark-on-light structures, which is common in H&E stained images where dark structures like nuclei are prominent.",
        "_n_channels": 3,
        "_gt_object_type": "glands_lumens",
        "_object_type_correct": true
      },
      "benchmark_stance": "FOLLOW",
      "ph_signals": [],
      "tools_used": [
        "image_loader",
        "compute_ph",
        "persistence_statistics"
      ],
      "time_s": 19.77
    },
    {
      "index": 30,
      "descriptor": "persistence_statistics",
      "observe_decisions": {
        "object_type": "glands_lumens",
        "object_type_reasoning": "The image contains histopathology samples where glandular structures and lumens are key features in identifying different tissue types.",
        "color_mode": "per_channel",
        "color_mode_reasoning": "As this is a pathology image with 3 RGB channels, color information is diagnostically meaningful for identifying tissue types.",
        "filtration_type": "sublevel",
        "filtration_reasoning": "Sublevel filtration is appropriate for this pathology image since the stained cells and tissue boundaries are dark-on-light structures, which are better captured with this method.",
        "_n_channels": 3,
        "_gt_object_type": "glands_lumens",
        "_object_type_correct": true
      },
      "benchmark_stance": "FOLLOW",
      "ph_signals": [],
      "tools_used": [
        "image_loader",
        "compute_ph",
        "persistence_statistics"
      ],
      "time_s": 23.2
    }
  ]
}