{
  "dataset": "PathMNIST",
  "method": "rule_based",
  "descriptor": "persistence_statistics",
  "object_type": "glands_lumens",
  "color_mode": "per_channel",
  "best_balanced_accuracy": 0.8344,
  "best_accuracy": 0.85,
  "best_classifier": "TabPFN",
  "per_classifier": {
    "TabPFN": {
      "balanced_accuracy": 0.8344444444444443,
      "accuracy": 0.85,
      "std": 0.055427011782312414,
      "fold_balanced_accuracy": [
        0.825925925925926,
        0.75,
        0.8518518518518517,
        0.9222222222222223,
        0.8222222222222223
      ],
      "fold_accuracy": [
        0.85,
        0.775,
        0.875,
        0.925,
        0.825
      ]
    },
    "XGBoost": {
      "balanced_accuracy": 0.7092592592592594,
      "accuracy": 0.7200000000000001,
      "std": 0.0936238863686262,
      "fold_balanced_accuracy": [
        0.6222222222222222,
        0.5814814814814815,
        0.8111111111111111,
        0.7259259259259259,
        0.8055555555555556
      ],
      "fold_accuracy": [
        0.65,
        0.6,
        0.825,
        0.725,
        0.8
      ]
    },
    "CatBoost": {
      "balanced_accuracy": 0.71,
      "accuracy": 0.7150000000000001,
      "std": 0.0455510386197896,
      "fold_balanced_accuracy": [
        0.6648148148148147,
        0.6481481481481481,
        0.7648148148148147,
        0.7444444444444445,
        0.7277777777777777
      ],
      "fold_accuracy": [
        0.675,
        0.65,
        0.775,
        0.75,
        0.725
      ]
    },
    "RandomForest": {
      "balanced_accuracy": 0.6696296296296296,
      "accuracy": 0.6849999999999999,
      "std": 0.07380134979676466,
      "fold_balanced_accuracy": [
        0.6499999999999999,
        0.5333333333333333,
        0.7277777777777777,
        0.7259259259259259,
        0.7111111111111111
      ],
      "fold_accuracy": [
        0.675,
        0.575,
        0.75,
        0.725,
        0.7
      ]
    }
  },
  "feature_dim": 186,
  "selection_reasoning": "Top-1 for glands_lumens: persistence_statistics (benchmark accuracy: 90.0%)",
  "selection_time_s": 0.0,
  "eval_time_s": 124.13,
  "n_eval": 200,
  "n_demo": 0,
  "n_llm_calls": 0,
  "seed": 42,
  "timestamp": "2026-02-16T17:31:38.883701"
}