{
  "dataset": "PathMNIST",
  "method": "gpt4o",
  "descriptor": "persistence_image",
  "object_type": "glands_lumens",
  "color_mode": "per_channel",
  "best_balanced_accuracy": 0.6415,
  "best_accuracy": 0.66,
  "best_classifier": "TabPFN",
  "per_classifier": {
    "TabPFN": {
      "balanced_accuracy": 0.6414814814814814,
      "accuracy": 0.6599999999999999,
      "std": 0.06815821181731832,
      "fold_balanced_accuracy": [
        0.5777777777777777,
        0.5944444444444444,
        0.6962962962962963,
        0.7481481481481481,
        0.5907407407407408
      ],
      "fold_accuracy": [
        0.6,
        0.625,
        0.75,
        0.75,
        0.575
      ]
    },
    "XGBoost": {
      "balanced_accuracy": 0.5507407407407408,
      "accuracy": 0.5650000000000001,
      "std": 0.07002449111047652,
      "fold_balanced_accuracy": [
        0.5148148148148148,
        0.4444444444444444,
        0.5537037037037037,
        0.6537037037037037,
        0.587037037037037
      ],
      "fold_accuracy": [
        0.525,
        0.475,
        0.575,
        0.675,
        0.575
      ]
    },
    "CatBoost": {
      "balanced_accuracy": 0.6244444444444445,
      "accuracy": 0.64,
      "std": 0.0843225240718257,
      "fold_balanced_accuracy": [
        0.5499999999999999,
        0.5481481481481482,
        0.7148148148148148,
        0.7388888888888889,
        0.5703703703703704
      ],
      "fold_accuracy": [
        0.575,
        0.575,
        0.75,
        0.75,
        0.55
      ]
    },
    "RandomForest": {
      "balanced_accuracy": 0.6248148148148147,
      "accuracy": 0.65,
      "std": 0.07318541010611714,
      "fold_balanced_accuracy": [
        0.5722222222222222,
        0.5111111111111111,
        0.6499999999999999,
        0.7111111111111111,
        0.6796296296296297
      ],
      "fold_accuracy": [
        0.6,
        0.55,
        0.7,
        0.725,
        0.675
      ]
    }
  },
  "feature_dim": 4056,
  "selection_reasoning": "Persistence images are well-suited for capturing the topological features of complex structures such as glands and lumens in histopathology images, which are crucial for distinguishing between different tissue types in colorectal cancer.",
  "selection_time_s": 1.29,
  "eval_time_s": 715.49,
  "n_eval": 200,
  "n_demo": 0,
  "n_llm_calls": 1,
  "seed": 42,
  "timestamp": "2026-02-16T16:31:48.723387"
}