{
  "dataset": "PneumoniaMNIST",
  "method": "rule_based",
  "descriptor": "minkowski_functionals",
  "object_type": "organ_shape",
  "color_mode": "grayscale",
  "best_balanced_accuracy": 0.8803,
  "best_accuracy": 0.91,
  "best_classifier": "TabPFN",
  "per_classifier": {
    "TabPFN": {
      "balanced_accuracy": 0.8803343782654128,
      "accuracy": 0.9099999999999999,
      "std": 0.0575015840987248,
      "fold_balanced_accuracy": [
        0.9373040752351097,
        0.9310344827586207,
        0.9,
        0.8500000000000001,
        0.7833333333333333
      ],
      "fold_accuracy": [
        0.95,
        0.9,
        0.95,
        0.875,
        0.875
      ]
    },
    "XGBoost": {
      "balanced_accuracy": 0.8708986415882969,
      "accuracy": 0.8949999999999999,
      "std": 0.06316397910573895,
      "fold_balanced_accuracy": [
        0.9200626959247649,
        0.8510971786833856,
        0.95,
        0.8666666666666667,
        0.7666666666666666
      ],
      "fold_accuracy": [
        0.925,
        0.825,
        0.975,
        0.9,
        0.85
      ]
    },
    "CatBoost": {
      "balanced_accuracy": 0.8710135841170323,
      "accuracy": 0.8949999999999999,
      "std": 0.054738788672680644,
      "fold_balanced_accuracy": [
        0.9200626959247649,
        0.8683385579937304,
        0.9,
        0.9,
        0.7666666666666666
      ],
      "fold_accuracy": [
        0.925,
        0.85,
        0.95,
        0.9,
        0.85
      ]
    },
    "RandomForest": {
      "balanced_accuracy": 0.864576802507837,
      "accuracy": 0.905,
      "std": 0.05635791548666924,
      "fold_balanced_accuracy": [
        0.9373040752351097,
        0.8855799373040751,
        0.9,
        0.8166666666666667,
        0.7833333333333333
      ],
      "fold_accuracy": [
        0.95,
        0.875,
        0.95,
        0.875,
        0.875
      ]
    }
  },
  "feature_dim": 105,
  "selection_reasoning": "Top-1 for organ_shape: minkowski_functionals (benchmark accuracy: 77.3%)",
  "selection_time_s": 0.0,
  "eval_time_s": 48.71,
  "n_eval": 200,
  "n_demo": 0,
  "n_llm_calls": 0,
  "seed": 42,
  "timestamp": "2026-02-16T16:44:44.620273"
}