{
  "dataset": "RetinaMNIST",
  "method": "topoagent",
  "descriptor": "lbp_texture",
  "object_type": "vessel_trees",
  "color_mode": "per_channel",
  "best_balanced_accuracy": 0.3827,
  "best_accuracy": 0.565,
  "best_classifier": "TabPFN",
  "per_classifier": {
    "TabPFN": {
      "balanced_accuracy": 0.3827460317460317,
      "accuracy": 0.5650000000000001,
      "std": 0.06202027480813345,
      "fold_balanced_accuracy": [
        0.4606349206349206,
        0.3595238095238096,
        0.27769841269841267,
        0.3952380952380953,
        0.42063492063492064
      ],
      "fold_accuracy": [
        0.65,
        0.55,
        0.45,
        0.575,
        0.6
      ]
    },
    "XGBoost": {
      "balanced_accuracy": 0.3336984126984127,
      "accuracy": 0.495,
      "std": 0.049709678677245676,
      "fold_balanced_accuracy": [
        0.3562698412698413,
        0.2349206349206349,
        0.3657936507936508,
        0.3492063492063492,
        0.36230158730158735
      ],
      "fold_accuracy": [
        0.525,
        0.45,
        0.425,
        0.55,
        0.525
      ]
    },
    "CatBoost": {
      "balanced_accuracy": 0.33796825396825403,
      "accuracy": 0.5,
      "std": 0.062019604504604316,
      "fold_balanced_accuracy": [
        0.41769841269841274,
        0.3484126984126984,
        0.2269047619047619,
        0.3380952380952381,
        0.35873015873015873
      ],
      "fold_accuracy": [
        0.575,
        0.525,
        0.375,
        0.525,
        0.5
      ]
    },
    "RandomForest": {
      "balanced_accuracy": 0.3671904761904762,
      "accuracy": 0.5599999999999999,
      "std": 0.014663831925600229,
      "fold_balanced_accuracy": [
        0.3896031746031746,
        0.3698412698412698,
        0.36023809523809525,
        0.3714285714285714,
        0.34484126984126984
      ],
      "fold_accuracy": [
        0.6,
        0.55,
        0.55,
        0.6,
        0.5
      ]
    }
  },
  "feature_dim": 912,
  "selection_reasoning": "Majority vote from 3 demo images: ['lbp_texture', 'lbp_texture', 'persistence_landscapes']",
  "selection_time_s": 76.24,
  "eval_time_s": 113.09,
  "n_eval": 200,
  "n_demo": 3,
  "n_llm_calls": 9,
  "seed": 42,
  "timestamp": "2026-02-16T16:39:29.697953",
  "demo_results": [
    {
      "index": 95,
      "descriptor": "lbp_texture",
      "observe_decisions": {
        "object_type": "vessel_trees",
        "object_type_reasoning": "The image likely contains retinal fundus structures characterized by branching vessel patterns which are indicative of diabetic retinopathy.",
        "color_mode": "per_channel",
        "color_mode_reasoning": "Retinal fundus images in RGB can have diagnostic color information, and per-channel mode can enhance feature extraction, especially for vessel trees.",
        "filtration_type": "superlevel",
        "filtration_reasoning": "The bright vessels on a darker background in retinal images are best captured by a superlevel filtration, highlighting these structures effectively.",
        "_n_channels": 3,
        "_gt_object_type": "vessel_trees",
        "_object_type_correct": true
      },
      "benchmark_stance": "FOLLOW",
      "ph_signals": [
        {
          "name": "low_persistence_signal",
          "description": "Very low average persistence in both H0 and H1 \u2014 PH is noisy",
          "recommends": [
            "lbp_texture",
            "edge_histogram"
          ],
          "reasoning": "When average persistence is very low in both dimensions, most PH features are noise (short-lived). Image-based descriptors that bypass PH entirely extract more reliable signal from pixel patterns.",
          "metrics": {
            "h0_avg_persistence": 0.00694,
            "h1_avg_persistence": 0.005119
          }
        }
      ],
      "tools_used": [
        "image_loader",
        "compute_ph",
        "lbp_texture"
      ],
      "time_s": 31.86
    },
    {
      "index": 15,
      "descriptor": "lbp_texture",
      "observe_decisions": {
        "object_type": "vessel_trees",
        "object_type_reasoning": "The image contains retinal fundus images which prominently feature branching vessel patterns, characteristic of vessel_trees.",
        "color_mode": "per_channel",
        "color_mode_reasoning": "Since this is a fundoscopy image where color can carry diagnostic information, particularly in assessing the severity of diabetic retinopathy, per-channel mode is appropriate.",
        "filtration_type": "sublevel",
        "filtration_reasoning": "Sublevel filtration is suitable as it captures dark-on-light structures, which are typical in retinal fundus images where vessel patterns appear darker against a lighter background.",
        "_n_channels": 3,
        "_gt_object_type": "vessel_trees",
        "_object_type_correct": true
      },
      "benchmark_stance": "FOLLOW",
      "ph_signals": [
        {
          "name": "h1_dominant",
          "description": "H1 features significantly outnumber H0 \u2014 loop/cavity structure dominates",
          "recommends": [
            "persistence_landscapes",
            "persistence_silhouette"
          ],
          "reasoning": "When H1 features greatly exceed H0, the image has rich loop/cavity structure. Persistence landscapes capture multi-level H1 information via layered envelope functions, better than single-summary descriptors.",
          "metrics": {
            "h1_h0_ratio": 2.1,
            "h1_count": 1701
          }
        },
        {
          "name": "low_persistence_signal",
          "description": "Very low average persistence in both H0 and H1 \u2014 PH is noisy",
          "recommends": [
            "lbp_texture",
            "edge_histogram"
          ],
          "reasoning": "When average persistence is very low in both dimensions, most PH features are noise (short-lived). Image-based descriptors that bypass PH entirely extract more reliable signal from pixel patterns.",
          "metrics": {
            "h0_avg_persistence": 0.006832,
            "h1_avg_persistence": 0.007247
          }
        }
      ],
      "tools_used": [
        "image_loader",
        "compute_ph",
        "lbp_texture"
      ],
      "time_s": 24.0
    },
    {
      "index": 30,
      "descriptor": "persistence_landscapes",
      "observe_decisions": {
        "object_type": "vessel_trees",
        "object_type_reasoning": "The image contains retinal fundus features, characterized by branching vessel patterns, typical for analyzing diabetic retinopathy.",
        "color_mode": "per_channel",
        "color_mode_reasoning": "Fundoscopy images often contain important color information related to the diagnostic features, making per-channel processing beneficial for capturing these nuances.",
        "filtration_type": "superlevel",
        "filtration_reasoning": "The retinal vessels are typically brighter structures on a darker background, thus a superlevel filtration is appropriate to highlight these bright-on-dark features.",
        "_n_channels": 3,
        "_gt_object_type": "vessel_trees",
        "_object_type_correct": true
      },
      "benchmark_stance": "DEVIATE",
      "ph_signals": [
        {
          "name": "h1_dominant",
          "description": "H1 features significantly outnumber H0 \u2014 loop/cavity structure dominates",
          "recommends": [
            "persistence_landscapes",
            "persistence_silhouette"
          ],
          "reasoning": "When H1 features greatly exceed H0, the image has rich loop/cavity structure. Persistence landscapes capture multi-level H1 information via layered envelope functions, better than single-summary descriptors.",
          "metrics": {
            "h1_h0_ratio": 1.99,
            "h1_count": 1219
          }
        },
        {
          "name": "low_persistence_signal",
          "description": "Very low average persistence in both H0 and H1 \u2014 PH is noisy",