{
  "dataset": "SIPaKMeD",
  "method": "medrax",
  "descriptor": "persistence_image",
  "object_type": "discrete_cells",
  "color_mode": "per_channel",
  "best_balanced_accuracy": 0.7888,
  "best_accuracy": 0.79,
  "best_classifier": "XGBoost",
  "per_classifier": {
    "TabPFN": {
      "balanced_accuracy": 0.7838095238095237,
      "accuracy": 0.7849999999999999,
      "std": 0.050212699516594086,
      "fold_balanced_accuracy": [
        0.8226190476190476,
        0.775,
        0.7,
        0.775,
        0.8464285714285715
      ],
      "fold_accuracy": [
        0.825,
        0.775,
        0.7,
        0.775,
        0.85
      ]
    },
    "XGBoost": {
      "balanced_accuracy": 0.7888095238095237,
      "accuracy": 0.7899999999999999,
      "std": 0.02530539096302175,
      "fold_balanced_accuracy": [
        0.8226190476190476,
        0.8,
        0.75,
        0.8,
        0.7714285714285715
      ],
      "fold_accuracy": [
        0.825,
        0.8,
        0.75,
        0.8,
        0.775
      ]
    },
    "CatBoost": {
      "balanced_accuracy": 0.7643650793650792,
      "accuracy": 0.7649999999999999,
      "std": 0.06564139811801989,
      "fold_balanced_accuracy": [
        0.8476190476190476,
        0.7,
        0.675,
        0.8,
        0.7992063492063493
      ],
      "fold_accuracy": [
        0.85,
        0.7,
        0.675,
        0.8,
        0.8
      ]
    },
    "RandomForest": {
      "balanced_accuracy": 0.7880952380952382,
      "accuracy": 0.7899999999999999,
      "std": 0.05332541985886477,
      "fold_balanced_accuracy": [
        0.8698412698412697,
        0.775,
        0.75,
        0.825,
        0.7206349206349206
      ],
      "fold_accuracy": [
        0.875,
        0.775,
        0.75,
        0.825,
        0.725
      ]
    }
  },
  "feature_dim": 600,
  "selection_reasoning": "The persistence_image descriptor is well-suited for capturing the spatial distribution and density of topological features, which is important for analyzing the shape and structure of cells in cytology images. Given the noisy persistence signal, this descriptor can help visualize and interpret the distribution of topological features across the dataset.",
  "selection_time_s": 5.13,
  "eval_time_s": 134.93,
  "n_eval": 200,
  "n_demo": 3,
  "n_llm_calls": 1,
  "seed": 42,
  "timestamp": "2026-02-16T17:44:38.238060",
  "ph_stats_aggregated": {
    "n_samples": 3,
    "avg_H0_count": 12219.3,
    "avg_H1_count": 19675.0,
    "avg_H0_persistence": 0.002333,
    "avg_H1_persistence": 0.001839,
    "avg_total_features": 31894.3,
    "avg_h1_h0_ratio": 1.6
  }
}