{
  "train_loss": [
    1.6173441655015293,
    1.5443915191306372,
    1.519160764946785,
    1.5144075334888616,
    1.519915456369043,
    1.5038694573319666,
    1.4921092486272665,
    1.4921152980904602,
    1.484382626672858,
    1.478550364437713,
    1.4814625619208976,
    1.4686198294434918,
    1.4735601734897317,
    1.4720529410392726,
    1.474082833283568,
    1.4586209978687164,
    1.4533123899268232,
    1.4639288581669603,
    1.4552141270136725,
    1.4542637374847447,
    1.4602389210435354,
    1.4454485371232577,
    1.4425834727613893,
    1.4262936142481626,
    1.4224565617025715,
    1.4139383424362635,
    1.4179020777140579,
    1.411252620013337,
    1.4103680163213652,
    1.404745678379111,
    1.415524568459759,
    1.4131986964238834,
    1.4047935773792877,
    1.4074192537020331,
    1.3941525133777426,
    1.3966062703089082,
    1.3914912157951425,
    1.3856809193685176,
    1.388530514555979,
    1.395624148791239,
    1.3903670798153638,
    1.3760169412447438,
    1.3879864128757284,
    1.3690360852572472,
    1.3591378388339526,
    1.3588390940944899,
    1.3677342087710829,
    1.3546976588632418,
    1.347863008714702,
    1.3565148142374814,
    1.3488041497256658,
    1.3632541127400855,
    1.3599458402150297,
    1.3500390746822095,
    1.3524127722330834,
    1.3486054923436412,
    1.348414079783714,
    1.3393121173937026,
    1.3465660652613531,
    1.3438670142600526,
    1.3345757181241633,
    1.3354123947827239,
    1.3275332026285669,
    1.3378672926393274,
    1.3354871928964032,
    1.3377934256100763,
    1.3322470473916563,
    1.3246723767284934,
    1.3192923743975218,
    1.3168256854357785,
    1.3135889771322138,
    1.318277534012381,
    1.3144887751095915,
    1.3231025994096173,
    1.321929957496521,
    1.3200719138803003,
    1.3234078767092805,
    1.3250032260537692,
    1.3137913642952976,
    1.3180108824277033,
    1.322002879288643,
    1.3180887067698996,
    1.3004453462552807,
    1.321454562825155,
    1.305696653720995,
    1.313818696699186,
    1.311030046580589,
    1.3218822503743106,
    1.3255122856462382,
    1.3054822103617942,
    1.3141807856625074,
    1.3139252259851046,
    1.312966403351527,
    1.3190509834790338,
    1.3061589089702799,
    1.3119520863441572,
    1.3118598499254548,
    1.313359705552663,
    1.3080698638201849,
    1.3187090335371288
  ],
  "val_loss": [
    1.5164147168397903,
    1.475926835089922,
    1.471666343510151,
    1.4531484134495258,
    1.4595687724649906,
    1.4534883387386799,
    1.4463890828192234,
    1.4528563544154167,
    1.438170164823532,
    1.4319166727364063,
    1.455942302942276,
    1.4260694235563278,
    1.4374172873795033,
    1.4423841927200556,
    1.4539178609848022,
    1.4346611574292183,
    1.4510372392833233,
    1.4494741223752499,
    1.4538020566105843,
    1.4353391416370869,
    1.4555315375328064,
    1.4498866479843855,
    1.4276605900377035,
    1.4385777972638607,
    1.4142762273550034,
    1.4228707905858755,
    1.424268588423729,
    1.4366134740412235,
    1.4192080087959766,
    1.4260841198265553,
    1.413419932126999,
    1.4068650472909212,
    1.4152028150856495,
    1.412593599408865,
    1.429459374397993,
    1.412709552794695,
    1.40805783867836,
    1.4251437205821276,
    1.4103606566786766,
    1.425980344414711,
    1.41603260114789,
    1.4097353536635637,
    1.4318119939416647,
    1.4189938232302666,
    1.417141567915678,
    1.4064330365508795,
    1.4150143321603537,
    1.4162003323435783,
    1.4261530973017216,
    1.4300682432949543,
    1.414585756137967,
    1.4141124039888382,
    1.4251834750175476,
    1.4235724434256554,
    1.4372397065162659,
    1.428005052730441,
    1.4283260274678469,
    1.4255113266408443,
    1.4312915820628405,
    1.430400812998414,
    1.4280744027346373,
    1.4367502313107252,
    1.4298342298716307,
    1.4374876450747252,
    1.429290970787406,
    1.4349547252058983,
    1.4438864719122648,
    1.4453975725919008,
    1.443581111729145,
    1.4393021631985903,
    1.4482628088444471,
    1.4410977642983198,
    1.447751086205244,
    1.4460799228399992,
    1.4437714517116547,
    1.4435286093503237,
    1.4484540522098541,
    1.4485765509307384,
    1.4465623423457146,
    1.4464737195521593,
    1.4469550140202045,
    1.4461431335657835,
    1.4468174371868372,
    1.4478417616337538,
    1.4466804843395948,
    1.4459926653653383,
    1.4461454171687365,
    1.4431792609393597,
    1.4448484405875206,
    1.4464534651488066,
    1.4462006445974112,
    1.4461297821253538,
    1.4463897328823805,
    1.4456877820193768,
    1.44578318297863,
    1.4456791542470455,
    1.44451067969203,
    1.4444675333797932,
    1.4459012113511562,
    1.4455471001565456
  ],
  "train_acc": [
    64.40702154987869,
    63.52219209362067,
    64.36420722135009,
    64.8066219494791,
    64.43556443556443,
    64.99215070643642,
    65.32039389182246,
    65.39175110603682,
    65.7485371771086,
    65.70572284858,
    65.09205080633652,
    65.26330812045097,
    65.29185100613672,
    65.03496503496504,
    65.93406593406593,
    65.3061224489796,
    66.1053232481804,
    65.22049379192237,
    65.53446553446554,
    65.90552304838019,
    65.81989439132296,
    66.43356643356644,
    65.00642214927929,
    66.03396603396604,
    66.06250891965178,
    66.16240901955187,
    66.01969459112317,
    65.6486370772085,
    66.19095190523763,
    65.91979449122306,
    65.66290852005137,
    65.7485371771086,
    65.81989439132296,
    65.44883687740831,
    66.07678036249465,
    65.83416583416583,
    65.80562294848009,
    65.44883687740831,
    66.07678036249465,
    66.06250891965178,
    65.3489367775082,
    65.42029399172256,
    65.17767946339374,
    64.86370772085058,
    65.96260881975168,
    65.6486370772085,
    65.13486513486514,
    65.33466533466533,
    64.89225060653632,
    65.59155130583702,
    65.3489367775082,
    65.36320822035108,
    65.47737976309405,
    65.42029399172256,
    64.8494362780077,
    65.00642214927929,
    65.16340802055088,
    65.42029399172256,
    65.83416583416583,
    65.40602254887969,
    64.63536463536464,
    65.6058227486799,
    65.47737976309405,
    65.42029399172256,
    65.33466533466533,
    65.26330812045097,
    65.33466533466533,
    65.32039389182246,
    66.09105180533751,
    65.71999429142286,
    65.66290852005137,
    65.3489367775082,
    65.94833737690881,
    65.67717996289424,
    65.73426573426573,
    65.26330812045097,
    65.2490366776081,
    66.1053232481804,
    65.50592264877979,
    65.37747966319395,
    65.12059369202227,
    65.37747966319395,
    65.8484372770087,
    65.71999429142286,
    65.56300842015128,
    65.62009419152277,
    65.27757956329386,
    65.12059369202227,
    65.09205080633652,
    66.11959469102327,
    65.52019409162266,
    65.76280861995147,
    65.22049379192237,
    65.43456543456543,
    65.67717996289424,
    65.36320822035108,
    65.76280861995147,
    65.26330812045097,
    66.11959469102327,
    65.70572284858
  ],