{
  "train_loss": [
    1.6108823998333657,
    1.53761764312988,
    1.518402459958917,
    1.5091359686089434,
    1.5005121612113361,
    1.4951994214972404,
    1.4770564662811418,
    1.4742668023392491,
    1.4666718503111573,
    1.4697687753803654,
    1.4500751623279973,
    1.469801406065623,
    1.449141181767259,
    1.4403160159990667,
    1.4586031869666216,
    1.4418111821832178,
    1.4391335219008738,
    1.441559325342309,
    1.444009769997096,
    1.425423332545311,
    1.433075535787295,
    1.4355889213139608,
    1.4318568352694925,
    1.4289315862742733,
    1.4422954625735,
    1.432582020215248,
    1.4211324306383526,
    1.4244240144072058,
    1.4230121975620043,
    1.425683522877628,
    1.4138628990138502,
    1.4134570294863558,
    1.4110509383079668,
    1.4136501782016666,
    1.3985359037303489,
    1.4030775294456308,
    1.3939430131215482,
    1.4060045671245278,
    1.4021845258534227,
    1.3926407036171655,
    1.4014680736685452,
    1.3915898960474964,
    1.3811689805766763,
    1.3843738148201545,
    1.3933074536933203,
    1.382632105862169,
    1.394486078660782,
    1.3797669650212814,
    1.3798072283670781,
    1.3627439043293261,
    1.3606543935597215,
    1.3605924548079433,
    1.3576654655748306,
    1.3578940629959106,
    1.3582732620304578,
    1.357683848300481,
    1.3524855141226015,
    1.3512803092939125,
    1.3374192039716188,
    1.3492749251731455,
    1.3312608392815612,
    1.3393351767705455,
    1.3305804517171154,
    1.3228945228607143,
    1.3205355971915538,
    1.3278795151405682,
    1.3120308766081996,
    1.328690257246636,
    1.3157172369086034,
    1.3291661339263394,
    1.3246117832998163,
    1.3213485754243859,
    1.3017550314942452,
    1.316613545156505,
    1.311819074905082,
    1.3113480027952151,
    1.3010568836508276,
    1.3027571251947585,
    1.3046657366839718,
    1.310015206195448,
    1.2983890575905368,
    1.2989004504735067,
    1.3024625750981509,
    1.29516832251527,
    1.2988945493415065,
    1.2912514427481177,
    1.3046750380023975,
    1.2934884428977966,
    1.2981311755093266,
    1.2908865510056553,
    1.3122100353785302,
    1.288713435876315,
    1.2937300921030785,
    1.2937680431152587,
    1.2935396656053795,
    1.2944551572952097,
    1.2857876335649185,
    1.2903672900374077,
    1.2990140201838594,
    1.286089168291658
  ],
  "val_loss": [
    1.49301253631711,
    1.4750031009316444,
    1.5261305421590805,
    1.4889171496033669,
    1.4785500038415194,
    1.4749324955046177,
    1.4659673366695642,
    1.4680690169334412,
    1.4482710659503937,
    1.4519979897886515,
    1.4552768170833588,
    1.440328199416399,
    1.4377757254987955,
    1.4613423328846693,
    1.4479007460176945,
    1.4453011602163315,
    1.447785597294569,
    1.4393778406083584,
    1.4358880370855331,
    1.4672113060951233,
    1.4411844238638878,
    1.4592220671474934,
    1.4518163539469242,
    1.4432355538010597,
    1.4459169618785381,
    1.4440597631037235,
    1.4400330856442451,
    1.426400601863861,
    1.4291496276855469,
    1.4221635274589062,
    1.4511258080601692,
    1.4588281475007534,
    1.439960841089487,
    1.4450811818242073,
    1.4334141574800014,
    1.457520604133606,
    1.4432921670377254,
    1.4203014317899942,
    1.4432441405951977,
    1.4383029211312532,
    1.4757187329232693,
    1.4335577934980392,
    1.4343515671789646,
    1.455534240230918,
    1.4232838079333305,
    1.4282842222601175,
    1.4404596909880638,
    1.4630833342671394,
    1.4281523264944553,
    1.4256356935948133,
    1.423723042011261,
    1.4262858051806688,
    1.4358531758189201,
    1.4375121518969536,
    1.4376944247633219,
    1.4417968094348907,
    1.4403629135340452,
    1.4401980210095644,
    1.4577230401337147,
    1.4445287436246872,
    1.4387272633612156,
    1.44983921200037,
    1.4424960110336542,
    1.435943342745304,
    1.4438198823481798,
    1.4396843798458576,
    1.4537873603403568,
    1.4482815861701965,
    1.4470789637416601,
    1.4451841954141855,
    1.4513009171932936,
    1.4432633481919765,
    1.4513910319656134,
    1.454409820958972,
    1.4465544689446688,
    1.4505303353071213,
    1.4536344967782497,
    1.4574981238692999,
    1.452992232516408,
    1.4542835243046284,
    1.4516546241939068,
    1.4597974233329296,
    1.4629956856369972,
    1.4649435970932245,
    1.4622653052210808,
    1.4621939361095428,
    1.4626428689807653,
    1.4620666410773993,
    1.4624383859336376,
    1.4600644521415234,
    1.455489719286561,
    1.4654257632791996,
    1.4637605603784323,
    1.4641803372651339,
    1.4619265273213387,
    1.4615654647350311,
    1.4627792313694954,
    1.4647743422538042,
    1.4606866855174303,
    1.46088295429945
  ],
  "train_acc": [
    64.29285000713573,
    65.00642214927929,
    64.93506493506493,
    64.87797916369345,
    65.3061224489796,
    65.81989439132296,
    65.59155130583702,
    65.53446553446554,
    65.77708006279435,
    65.76280861995147,
    65.81989439132296,
    65.62009419152277,
    65.6486370772085,
    65.53446553446554,
    65.73426573426573,
    66.00542314828029,
    65.79135150563722,
    65.04923647780791,
    64.7495361781076,
    65.22049379192237,
    65.10632224917939,
    65.2490366776081,
    65.2062223490795,
    65.83416583416583,
    64.7495361781076,
    65.3061224489796,
    65.04923647780791,
    65.63436563436564,
    65.62009419152277,
    64.96360782075068,
    64.94933637790781,
    64.59255030683602,
    65.52019409162266,
    65.13486513486514,
    64.92079349222206,
    64.89225060653632,
    65.13486513486514,
    65.2490366776081,
    65.42029399172256,
    64.29285000713573,
    65.09205080633652,
    64.94933637790781,
    65.6058227486799,
    65.06350792065078,
    64.76380762095047,
    64.82089339232196,
    64.77807906379336,
    65.6486370772085,
    65.37747966319395,
    64.96360782075068,
    64.92079349222206,
    65.29185100613672,
    64.89225060653632,
    65.29185100613672,
    64.90652204937919,
    65.23476523476523,
    64.96360782075068,
    64.83516483516483,
    65.10632224917939,
    65.03496503496504,
    64.87797916369345,
    65.3061224489796,
    65.03496503496504,
    65.71999429142286,
    65.19195090623663,
    65.17767946339374,
    65.52019409162266,
    65.04923647780791,
    65.09205080633652,
    64.96360782075068,
    64.94933637790781,
    65.33466533466533,
    65.10632224917939,
    65.46310832025118,
    65.47737976309405,
    64.99215070643642,
    65.70572284858,
    65.77708006279435,
    65.43456543456543,
    65.49165120593692,
    65.89125160553732,
    65.66290852005137,
    65.57727986299415,
    65.19195090623663,
    65.6486370772085,
    65.10632224917939,
    65.36320822035108,
    65.36320822035108,
    65.12059369202227,
    65.53446553446554,
    65.13486513486514,
    65.67717996289424,
    65.43456543456543,
    65.6486370772085,
    64.97787926359355,
    65.7485371771086,
    65.71999429142286,
    65.57727986299415,
    64.86370772085058,
    65.42029399172256
  ],